GEOID10,votes_dem,votes_gop
55037190100,560.2658829,966.9294596
55037190200,391.7341171,676.0705404
55019950300,774.0717786,927.1807437
55019950700,646.8392909,774.7820698
55019950600,853.6143269,1022.456558
55019950800,564.6275295,676.3090804
55019950200,804.3228596,963.4153935
55019950500,939.0291438,1124.766157
55019950400,709.6547708,850.0222543
55019950100,880.8402998,1055.067743
55031021100,759.2503227,393.4506216
55031990000,0,0
55031020900,806.009647,417.681741
55031020600,1492.934396,773.6525737
55031020500,1039.46987,538.6630132
55031020400,1072.773274,555.9211486
55031020300,965.4623067,500.3116013
55031020800,1169.655903,606.1266333
55031020700,1395.042573,722.9241151
55031030200,1691.072828,876.3297629
55031030300,1704.19235,883.1284223
55031030100,2101.478408,1089.005775
55031021000,657.6581218,340.8045925
55049950600,1195.343606,634.9386583
55049950400,1808.05978,960.3992063
55049950300,1110.548064,589.8972432
55049950500,1625.817748,863.5964875
55049950200,1076.014396,571.5537637
55049950100,1283.216406,681.6146409
55059002300,1604.378463,1250.283069
55059002200,959.6634901,747.8603343
55059002100,1413.361782,1101.424849
55059001800,619.1203538,482.4769928
55059001700,717.9964068,559.5305421
55059001300,1114.30887,868.3746049
55059001200,1098.682682,856.1972048
55059001100,867.253446,675.8457092
55059000900,1145.291829,892.5194501
55059000800,728.5036713,567.7187939
55059002906,1315.832815,1025.421076
55059000700,1489.876221,1161.052119
55059000500,1419.01954,1105.833908
55059000400,975.2896783,760.0377345
55059002700,1486.3738,1158.322702
55059002800,1706.756937,1330.066035
55059002000,1581.478014,1232.436879
55059001900,633.3994568,493.6046171
55059001000,623.1616094,485.6263204
55059000300,1339.810931,1044.107087
55059000100,1554.53631,1211.441361
55059990000,0,0
55059003001,1161.726269,905.3267158
55059003002,1310.175057,1021.012017
55059002903,864.8286926,673.9561126
55059002904,1481.79371,1154.753464
55059002905,1043.721606,813.366349
55059002602,2317.525363,1806.034418
55059002601,2288.158905,1783.149304
55059000602,2131.088772,1660.745436
55059000601,1778.691286,1386.124067
55059002500,937.0324589,730.2240996
55059002400,1271.64842,990.9884273
55059001600,925.7169433,721.4059822
55059001500,1007.080889,784.8124452
55059001400,1924.715321,1499.919772
55047100600,775.4669046,1182.433573
55047100500,611.3416619,932.1750564
55047100400,564.3918954,860.5859535
55047100300,604.5777125,921.8613721
55047100200,596.0233059,908.8175949
55047100100,638.1985198,973.1264501
55015020800,1302.590635,1647.844684
55015020700,969.3261726,1226.247861
55015020308,702.386494,888.5553287
55015020303,908.8604684,1149.75561
55015020304,896.9079455,1134.635049
55015020306,1512.345694,1913.195708
55015020600,1184.237222,1498.12148
55015020500,1196.658471,1513.835004
55015020200,915.8913643,1158.650058
55015020400,801.7564885,1014.263523
55015020100,1086.039044,1373.895693
55061960500,1546.251385,1724.861281
55061990000,0,0
55061960400,2150.381015,2398.774861
55061960200,662.7149315,739.2661612
55061960100,791.6526684,883.0976961
55051180300,575.3460108,576.959432
55051180100,757.6845842,759.8093306
55051180200,449.969405,451.2312373
55051990000,0,0
55057100300,759.2747525,657.3807381
55057100500,1002.542079,868.0018002
55057100600,791.3205446,685.1260126
55057100200,858.2190594,743.0468047
55057100400,1209.085396,1046.827183
55057100700,944.2982673,817.5742574
55057100100,672.259901,582.0432043
55055101702,1140.268432,1330.143286
55055100300,1518.753818,1771.65318
55055100200,880.6462252,1027.289391
55055100100,1394.115909,1626.260856
55055100400,1399.409411,1632.43582
55055101100,1077.227637,1256.605083
55055101202,387.869321,452.4564204
55055101500,952.5897283,1111.21276
55055101400,830.8391846,969.1885979
55055101300,1394.356523,1626.541536
55055100900,930.6938795,1085.670865
55055101701,333.250006,388.7420238
55055100800,963.8985732,1124.404727
55055101600,1666.25003,1943.710119
55055100601,369.3420644,430.844048
55055101000,933.8218579,1089.319707
55055100700,1114.041536,1299.549148
55055100602,793.7846713,925.963853
55055101201,526.9440528,614.6895538
55055100500,1527.897139,1782.319026
55063001200,1333.141751,935.6957728
55063001000,1211.07556,850.0208482
55063001101,680.9504004,477.9404822
55063000800,974.2927127,683.829437
55063000500,1525.188297,1070.487997
55063000600,684.4653954,480.4075612
55063000100,1505.696052,1056.806923
55063010600,1043.633978,732.4981769
55063000400,1756.858424,1233.09093
55063010203,602.9814198,423.2161849
55063010300,1434.117971,1006.568223
55063010800,1055.137598,740.5722535
55063010402,2927.990858,2055.07679
55063001102,1249.42096,876.9344371
55063010500,1840.89876,1292.076545
55063000200,1622.329978,1138.669089
55063000900,1195.737399,839.2554127
55063000700,1415.584361,993.5599888
55063010401,1666.107643,1169.395436
55063010700,1752.384794,1229.951011
55063010101,1778.587484,1248.341963
55063000300,732.3971458,514.0495473
55063010201,3036.636159,2131.331958
55063010102,1469.267922,1031.239013
55063010202,2137.116977,1499.984019
55083101200,971.298991,1178.678492
55083100800,586.4755709,711.6924323
55083100700,693.1500266,841.1426713
55083100500,518.8682953,629.6505045
55083100600,661.5687732,802.8185874
55083100300,644.7254381,782.3790759
55083101300,2055.120818,2493.904275
55083101100,1073.294742,1302.451089
55083101000,921.4707913,1118.211604
55083100900,684.0265534,830.0712693
55083990000,0,0
55093960400,1292.715473,1314.233307
55093960600,1209.306443,1229.435896
55093960700,1213.53914,1233.739048
55093960300,1410.982008,1434.468441
55093960100,707.8563349,719.6389234
55093960800,920.7360979,936.0621663
55093960200,1492.897145,1517.747093
55093960500,1964.967357,1997.675126
55085970602,1061.647286,1109.03953
55085970601,558.8075171,583.7528474
55085971001,342.4762209,357.7644591
55085970101,450.641869,470.7586533
55085971002,677.7027335,707.9555809
55085970102,1052.367659,1099.345658
55085970800,693.0721151,724.0110562
55085971400,1063.677204,1111.160064
55085971100,581.7165954,607.6845936
55085970900,685.2424301,715.8318518
55085971500,1339.746097,1399.552753
55085970500,510.6694539,533.465887
55085970400,877.5046947,916.6767598
55085971300,543.7281238,568.0003056
55023960500,553.7291516,367.0761836
55023960200,636.2053593,421.7510214
55023960400,897.7965633,595.1641432
55023960300,690.3564047,457.6486422
55023960100,778.1088681,515.8211968
55023960600,1065.803653,706.5388128
55011960200,761.7649224,715.4485906
55011960400,661.4220946,621.2067417
55011960100,716.059027,672.5216751
55011960300,568.1715611,533.625966
55011960500,861.5823949,809.1970266
55095960600,533.1201448,640.2850356
55095961000,1083.980636,1301.876485
55095961100,888.6093881,1067.232779
55095960200,863.3635109,1036.912114
55095960800,1470.401765,1765.973872
55095960100,846.5329261,1016.698337
55095960700,1319.836263,1585.142518
55095960500,671.176428,806.0926366
55095960300,1190.877593,1430.261283
55095960900,1186.101346,1424.524941
55033970800,1594.795905,1440.579155
55033970700,1761.027863,1590.736484
55033970100,999.7112662,903.0391956
55033970600,1063.884534,961.0069088
55033970500,1642.474839,1483.647536
55033970400,1570.569852,1418.695761
55033970200,1220.838429,1102.783364
55033970300,1449.697312,1309.511595
55141011500,1475.015987,1565.603888
55141011400,1316.969699,1397.851209
55141011300,1143.044348,1213.244257
55141010700,1259.408099,1336.754472
55141010500,821.4933444,871.9452434
55141010400,843.5751649,895.3832158
55141011100,874.092737,927.7750204
55141011000,1412.988401,1499.766887
55141010900,1014.275081,1076.566643
55141010100,1168.599714,1240.369102
55141010800,716.5426695,760.5490374
55141011200,970.35955,1029.954046
55141011600,1277.272044,1355.715528
55141011700,1176.043024,1248.269542
55141010600,1108.805121,1176.902233
55141010300,735.1509452,780.3001378
55141010200,1232.364072,1308.049539
55035001700,1834.859686,1391.396309
55035000801,1098.993194,833.3798412
55035001101,601.2832402,455.9603589
55035000700,1550.188199,1175.526475
55035001200,1681.980554,1275.466213
55035000600,1583.678962,1200.922926
55035000400,2251.01343,1706.97073
55035001400,2138.447253,1621.610436
55035000802,1178.688807,893.8139888
55035000803,1779.041748,1349.068891
55035001600,1689.733046,1281.345021
55035000301,1125.351665,853.3677889
55035000200,1490.338965,1130.142076
55035001300,1591.121354,1206.566582
55035000900,1493.129861,1132.258447
55035000302,2058.441541,1560.941136
55035001500,1019.607681,773.1808459
55035000100,1493.750061,1132.728751
55035000501,1508.324745,1143.780911
55035000502,1450.026009,1099.572274
55133204003,761.6555448,1585.456812
55133203901,902.2014973,1878.016276
55133203703,760.2620296,1582.556081
55133203305,861.5904855,1793.480681
55133202901,886.2756104,1844.865062
55133202103,678.6418589,1412.656109
55133202101,815.0072661,1696.513379
55133201703,1213.751661,2526.536901
55133201403,849.0488496,1767.374099
55133200804,721.4426801,1501.749997
55133204302,747.5213201,1556.03511
55133204004,871.7432385,1814.614579
55133204301,965.9050453,2010.621133
55133204502,1206.585012,2511.618855
55133204501,496.6886001,1033.903488
55133203704,889.6598613,1851.909695
55133203902,857.6090138,1785.192877
55133202102,925.6921806,1926.914317
55133201704,1036.377095,2157.315255
55133202902,699.345512,1455.752687
55133201404,765.2388693,1592.915835
55133203303,746.3268785,1553.548769
55133203304,803.6600717,1672.893139
55133200803,894.4376274,1861.855059
55133200201,715.6695461,1489.732682
55133201402,926.8866222,1929.400658
55133200102,965.9050453,2010.621133
55133200103,621.5077393,1293.726129
55133200600,366.4944741,762.8923135
55133202700,308.9622074,643.1335527
55133201701,914.5440598,1903.708467
55133200901,782.757345,1629.382171
55133201504,1236.246977,2573.362991
55133201506,935.0486392,1946.390655
55133200902,797.2897169,1659.632654
55133201800,299.2076016,622.8284341
55133202800,839.8914645,1748.312151
55133200700,758.0722202,1577.997789
55133200801,1018.062325,2119.191359
55133202302,1360.070748,2831.11368
55133201600,1018.659546,2120.434529
55133202002,802.2665566,1669.992408
55133201505,584.4800521,1216.649556
55133202400,995.9651569,2073.194049
55133201503,1323.242134,2754.451498
55133200500,1128.150019,2348.349126
55133203402,798.4841584,1662.118995
55133204002,1090.724184,2270.443773
55133200202,837.3035079,1742.925079
55133203404,604.1883373,1257.674183
55133203000,525.7533439,1094.404454
55133203103,901.405203,1876.358716
55133203802,1223.307194,2546.42763
55133203602,1173.936944,2443.658866
55133203702,1004.525321,2091.012827
55133201300,966.502266,2011.864303
55133203102,1333.992108,2776.828567
55133203804,1435.320564,2987.753167
55133200400,1310.302351,2727.516137
55133203101,1301.144966,2708.454188
55133203803,785.3453016,1634.769243
55133202500,795.8962018,1656.731923
55133204200,1432.732607,2982.366095
55133202202,1149.450893,2392.688875
55133203601,816.5998548,1699.828501
55133202301,894.636701,1862.26945
55133202201,861.7895591,1793.895071
55133203500,1306.519953,2719.642723
55133201203,643.6049075,1339.723438
55133204400,413.8739879,861.5171753
55133200300,831.7294475,1731.322154
55133203405,823.9655776,1715.160937
55133201202,1200.811878,2499.60154
55133201102,570.7439746,1188.056634
55133201101,926.8866222,1929.400658
55133201000,1199.81651,2497.529589
55133200101,891.8496708,1856.467987
55133202001,994.3725682,2069.878928
55133203403,1095.701024,2280.803527
55133202600,696.3594081,1449.536835
55133203200,817.3961492,1701.486061
55133201900,1029.011372,2141.982818
55133203306,1172.344355,2440.343745
55133201201,421.8369313,878.0927823
55133204100,1001.738291,2085.211364
55133203406,1279.047798,2662.456879
55119960500,507.0051235,754.5088211
55119960400,882.2143651,1312.883223
55119960600,622.6219247,926.5660496
55119960200,423.7464836,630.6059742
55119960100,779.8680458,1160.574702
55119960300,545.5440572,811.8612306
55001950501,389.6456527,326.7337485
55001950201,365.7735569,306.716024
55001950502,1090.689533,914.5875928
55001950202,709.266491,594.7488383
55001950100,788.5748982,661.2521677
55001950700,928.6245269,778.689485
55001950400,1264.425341,1060.272144
55101001504,752.6751566,699.8183954
55101002001,808.4288719,751.656795
55101001801,1406.83404,1308.038842
55101001705,1444.454265,1343.017179
55101002701,1095.587571,1018.649718
55101002702,1580.320115,1469.341823
55101002002,1342.690202,1248.399518
55101001802,754.5697003,701.5798944
55101001706,994.635455,924.7869842
55101001505,1199.516826,1115.280521
55101002800,1594.393868,1482.427245
55101001900,1047.41203,973.8573139
55101001302,1081.784466,1005.815939
55101001301,976.7726142,908.1785648
55101001003,1028.466593,956.2423238
55101001002,713.1603875,663.0785587
55101000700,1517.800172,1411.212356
55101000500,1426.050126,1325.905475
55101000400,1062.027082,987.4460206
55101000300,987.3279293,917.9926308
55101000200,1613.609955,1500.293877
55101000100,248.4558769,231.008014
55101001701,932.3861613,866.9091593
55101001703,1183.007231,1099.930315
55101001702,1815.243537,1687.767701
55101001202,1762.466961,1638.697372
55101001100,1675.859248,1558.171702
55101001001,732.1058247,680.6935489
55101000904,1459.339966,1356.857529
55101000901,1023.865558,951.9643976
55101000800,1226.311088,1140.19315
55101000600,1492.629805,1387.809583
55101000903,1107.76678,1029.97364
55101980000,196.7618982,182.9442551
55101002100,899.6376197,836.4603906
55101001602,798.144206,742.0943718
55101001601,1638.509672,1523.445007
55101001502,1919.98474,1785.153433
55101001501,1022.782962,950.9578267
55101001400,1822.009764,1694.058769
55101001201,1013.310243,942.1503316
55101002600,1553.255205,1444.177552
55101002402,1384.640813,1287.404139
55101002401,1550.007415,1441.157839
55101990000,0,0
55113100500,918.7599203,909.3304343
55113940000,828.8871172,820.3800205
55113100800,448.8226128,444.2162227
55113100700,447.7398079,443.144531
55113100400,596.8961768,590.770067
55113100300,1240.894365,1228.158724
55125950600,1034.811433,1349.564396
55125940000,961.1928605,1253.553663
55125950700,1191.735231,1554.218852
55125950200,1145.792814,1494.30238
55125950500,1597.467662,2083.360709
55131420401,339.0924655,801.8417054
55131440105,585.5616399,1384.659913
55131440103,846.7663379,2002.322769
55131470203,744.1439414,1759.654689
55131470204,758.879465,1794.499337
55131440104,984.8241601,2328.783929
55131440106,657.309606,1554.32016
55131420105,819.4003655,1937.611281
55131420106,634.8554748,1501.223555
55131420402,367.1601295,868.2124622
55131450105,453.994465,1073.546991
55131450106,1042.713717,2465.673615
55131450104,1098.849045,2598.415128
55131400103,704.1475202,1665.076361
55131450103,896.2355956,2119.301228
55131400104,1002.541873,2370.680469
55131440200,708.7085156,1675.861609
55131470202,1101.304966,2604.222569
55131460101,1098.498199,2597.585494
55131410100,887.1136048,2097.730732
55131420104,893.9550979,2113.908604
55131400102,689.5874195,1630.646531
55131420300,1030.258691,2436.221591
55131420103,1059.378893,2505.081251
55131460102,883.7805697,2089.849204
55131420200,948.6870427,2243.331579
55131470100,904.6558948,2139.212455
55131430100,993.5953051,2349.52479
55121100800,968.0618406,726.33294
55121100100,860.4407968,645.5852998
55121100700,1330.75531,998.4604039
55121100300,647.5727027,485.8712174
55121100200,872.838319,654.8871113
55121100400,1031.895891,774.2273737
55121100600,1074.100222,805.8931149
55121100500,815.3349181,611.7425389
55107960500,852.4038631,923.2908844
55107960400,685.094612,742.067977
55107960100,871.4789563,943.9522874
55107960300,515.9467977,558.8536089
55107960200,466.0757709,504.8352423
55123960500,945.9818292,699.0912908
55123960400,1315.257314,971.9900581
55123960100,1150.715279,850.39163
55123960300,1161.774662,858.5646391
55123960200,1129.135996,834.4442952
55123960700,1083.54976,800.7555503
55123960600,1244.585161,919.7625365
55039041800,1067.064398,1447.620153
55039041600,1327.946356,1801.54254
55039041500,681.0206921,923.8985763
55039041300,1445.849163,1961.493973
55039041100,2143.587417,2908.07223
55039041000,618.9897376,839.7450238
55039040900,717.7553354,973.7341907
55039040800,1005.47338,1364.063434
55039040700,937.7232592,1272.151043
55039040500,852.3757047,1156.365305
55039040400,626.6886149,850.1896136
55039040300,1235.999764,1676.804296
55039040200,664.5230978,901.5173123
55039040100,932.0040932,1264.392205
55039042000,1917.68036,2601.598123
55039041400,1296.270975,1758.570514
55039042100,1083.781961,1470.299834
55039041900,1579.369693,2142.633003
55039042200,1345.103854,1824.819055
55039041700,876.7921443,1189.489575
55067960700,943.6699204,1199.98298
55067960600,1079.068028,1372.156981
55067960400,898.8421685,1142.979426
55067960500,429.9804775,546.7687841
55067960100,618.211293,786.1255444
55067960300,599.2281123,761.9862842
55025000503,3103.697269,1202.62163
55025012300,2340.681119,906.9678839
55025012201,883.0510784,342.16492
55025013200,3783.306794,1465.956951
55025012001,3672.097963,1422.865717
55025011900,2957.184046,1145.850639
55025011506,2111.643883,818.2204609
55025012002,2120.028676,821.4694031
55025011200,3724.613244,1443.214355
55025002402,1503.525749,582.5866479
55025011503,3763.006769,1458.091091
55025002500,765.6639785,296.6797282
55025002100,2140.328701,829.3352634
55025012400,2120.469981,821.6404001
55025011700,1721.089058,666.8881499
55025011600,2761.244677,1069.927988
55025010901,2494.25522,966.4748265
55025012800,3392.751969,1314.62464
55025012700,1706.525997,661.2452502
55025010600,2268.748423,879.0953792
55025003100,2834.059983,1098.142487
55025003002,1646.949837,638.1606604
55025002900,1401.143015,542.9153528
55025002800,985.4338122,381.8362151
55025002700,1397.171272,541.3763802
55025002000,2592.66621,1004.607149
55025001502,2382.605084,923.2125952
55025013100,2013.674198,780.2591354
55025013000,1862.306622,721.6071776
55025012900,1653.128106,640.5546179
55025012600,1936.887148,750.5056641
55025012100,1163.720986,450.9189875
55025000406,1309.792904,507.5189818
55025001802,1228.592805,476.0555409
55025013700,2049.419894,794.1098893
55025012501,2890.988313,1120.201095
55025011401,2933.353582,1136.616803
55025010903,1121.355717,434.5032792
55025010501,1243.155866,481.6984406
55025001704,1515.440981,587.2035659
55025001605,1054.277374,408.5117411
55025001603,1506.614883,583.7836266
55025001101,1852.15661,717.6742475
55025000901,945.2750675,366.2754916
55025000407,2498.226964,968.0137992
55025013301,1955.863258,757.8585335
55025013302,2480.133464,961.0029237
55025010904,3563.536961,1380.800464
55025012502,2279.781045,883.3703032
55025011402,3992.926615,1547.180508
55025001804,1467.780053,568.735894
55025001705,1797.434804,696.4706243
55025010502,3427.173751,1327.962403
55025001606,2410.848596,934.1564008
55025001604,2229.913593,864.0476466
55025001102,1390.110393,538.6404288
55025000902,2343.328949,907.9938657
55025000405,2542.357453,985.1134953
55025000408,743.5987342,288.1298802
55025991703,0,0
55025991702,0,0
55025002602,2460.716049,953.4790574
55025001402,2371.131157,918.7666742
55025002603,2316.409351,897.563051
55025011302,1330.534234,515.555839
55025011301,2787.72297,1080.187806
55025011504,1663.719423,644.6585449
55025012202,2989.399303,1158.333417
55025011505,1881.724037,729.1310439
55025010300,1502.201835,582.073657
55025011102,3544.119546,1373.276598
55025011101,2018.087247,781.969105
55025011800,2599.285783,1007.172103
55025011000,1841.123988,713.3993235
55025010800,4688.864422,1816.842716
55025010400,1455.864821,564.1189761
55025010200,559.5745964,216.8241472
55025010100,678.7269159,262.9933268
55025003200,1225.944975,475.0295591
55025003001,2265.659289,877.8984004
55025002601,798.3205402,309.3335034
55025002401,1507.938798,584.2966175
55025002302,798.7618451,309.5045004
55025002301,1321.266831,511.9649028
55025002200,1877.310988,727.4210743
55025001900,2698.138078,1045.475423
55025001501,882.1684687,341.8229261
55025001401,2621.792332,1015.892948
55025001300,1059.573033,410.5637046
55025001200,2599.285783,1007.172103
55025000800,1569.721482,608.2361921
55025001000,1015.442544,393.4640085
55025000700,1417.029991,549.0712434
55025000501,2060.893821,798.5558103
55025000504,2973.512327,1152.177527
55025010702,2775.807738,1075.570888
55025000402,1081.638277,419.1135527
55025000401,1389.227784,538.2984349
55025000300,2374.220291,919.963653
55025000205,2264.335374,877.3854096
55025000204,2211.820092,857.0367711
55025000202,1330.975539,515.7268359
55025000201,948.3642017,367.4724703
55025000100,1149.157925,445.2760878
55025001403,3385.691091,1311.888689
55025010701,2626.646686,1017.773915
55025000600,2492.048696,965.6198417
55137960800,982.4032495,1208.74306
55137960300,706.9386839,869.8131123
55137960100,636.8758165,783.6081809
55137960200,835.7499184,1028.301682
55137960700,970.218403,1193.750898
55137960600,445.8348302,548.5524984
55137960400,751.9790986,925.2305683
55103970300,668.8081682,481.6658343
55103970400,987.2357805,710.9927307
55103970100,787.2544254,566.9690916
55103970500,1167.935187,841.129793
55103970200,1352.766439,974.2425504
55129950200,492.5300107,521.0712086
55129950300,750.0839042,793.5498712
55129950100,569.7404311,602.7558293
55129950500,1421.563698,1503.94067
55129950600,1201.081956,1270.682421
55139002201,1287.025462,1192.447088
55139001803,1560.039103,1445.398044
55139001801,1493.689174,1383.923907
55139002202,802.7253674,743.736278
55139001804,1216.86857,1127.445747
55139001700,1443.926728,1337.818305
55139001600,1098.308861,1017.598519
55139001200,551.4658012,510.9407763
55139001100,1146.167826,1061.940519
55139000900,890.8293711,825.3658694
55139000800,847.5931471,785.3069032
55139000700,1496.408434,1386.443339
55139000500,1667.177923,1544.663659
55139000400,734.4719571,680.4985389
55139000300,1128.764566,1045.816155
55139000200,695.858474,644.7226068
55139000100,798.1026264,739.4532438
55139002100,971.3194486,899.9410518
55139003701,1003.406709,929.6703474
55139003600,1125.229529,1042.540894
55139003500,833.1810724,771.9539145
55139003300,765.7434399,709.472005
55139003200,626.7892858,580.7290382
55139003702,2134.074757,1977.250105
55139003400,1063.502341,985.349791
55139002400,2684.996706,2487.686995
55139003100,573.2198762,531.096231
55139002900,636.5786196,589.7989928
55139003000,435.3534259,403.3610369
55139002700,680.9025474,630.8657317
55139002800,1249.227757,1157.426985
55139002601,1064.861971,986.6095069
55139002300,1437.944357,1332.275555
55139001900,1363.980502,1263.747009
55139002602,1235.359534,1144.577883
55139002500,1371.866354,1271.053361
55139002000,1884.990598,1746.470149
55139001500,861.4613699,798.1560056
55139001400,1083.081009,1003.4897
55139001300,724.4106974,671.1766411
55139001000,739.094698,684.781573
55007990000,0,0
55007960100,1088.705541,649.9707606
55007960600,816.6294792,487.5379646
55007960400,1976.765019,1180.153324
55007960300,1469.130478,877.0891834
55007960200,673.7694818,402.2487678
55078940101,386.9624291,58.15808129
55078940102,804.0375709,120.8419187
55075990000,0,0
55075961400,1070.260461,1150.627608
55075961300,728.004024,782.6707227
55075961200,667.0218688,717.1093439
55075961500,929.8596853,999.6839685
55075961100,1290.788953,1387.715849
55075960900,651.8945124,700.8460562
55075960800,588.5487078,632.7435388
55075960100,718.0766964,771.9979401
55075961000,976.423579,1049.744401
55075960700,672.9309924,723.4621907
55075960200,1000.296438,1075.409902
55075960600,573.8940813,616.9884788
55081950300,1301.503929,1319.57847
55081950600,919.371992,932.1397041
55081950700,959.7979764,973.1271014
55081950100,970.86193,984.3447049
55081950900,1163.630045,1179.789873
55081950400,980.8620419,994.4836926
55081950800,940.6488259,953.7120184
55081950500,1227.460547,1244.506816
55081950200,1040.862714,1055.317619
55017011000,1726.667227,1744.829528
55017010900,1174.669871,1187.025875
55017010400,1188.317488,1200.817047
55017011100,993.5952415,1004.046575
55017011200,1622.116735,1639.1793
55017010800,1720.818249,1738.919026
55017010700,1761.029977,1779.553729
55017010200,1649.168261,1666.515373
55017010300,1331.861171,1345.870624
55017010500,1310.658624,1324.445053
55017010100,732.0971561,739.7978691
55091950100,1016.953407,972.4786451
55091950200,858.0465926,820.5213549
55079186200,492.2726078,237.7114489
55079186100,787.5669359,380.3048848
55079185800,555.9703293,268.4701736
55079185400,567.3943771,273.986684
55079185900,419.9203047,202.7735496
55079185500,591.6272059,285.6883728
55079186000,502.3119226,242.5592914
55079185600,614.8214849,296.8885606
55079185700,735.2932624,355.0626705
55079187200,1863.850718,900.0270329
55079003200,975.890634,471.2437232
55079180500,1591.058302,768.2994508
55079100500,1231.373886,594.6129562
55079005400,1277.416261,616.8461648
55079006300,852.3032071,411.5651105
55079008900,506.1199386,244.3981282
55079004900,1559.901808,753.2544224
55079004800,1385.425441,669.0022633
55079003700,801.4142666,386.9915641
55079120502,1816.077427,876.9579893
55079003800,760.2184577,367.0986932
55079019900,1204.371591,581.5739315
55079080400,1126.480356,543.9613605
55079170400,1163.868149,562.0153946
55079007700,1317.919703,636.4047017
55079160204,1717.761378,829.4825663
55079150304,1398.926588,675.5217756
55079120102,1346.999098,650.4467283
55079018000,951.6578052,459.5420344
55079150303,1681.065952,811.7628662
55079011300,633.1691981,305.7484107
55079020000,1180.831129,570.2065767
55079120400,2531.292059,1222.324975
55079120501,1370.885743,661.98125
55079160100,2259.884377,1091.266061
55079040100,552.8546798,266.9656708
55079005200,573.625676,276.9956897
55079014800,831.8783943,401.7022585
55079005500,1148.636085,554.6600474
55079017400,1022.279192,493.6440988
55079013600,861.6501554,416.078619
55079016000,1145.866619,553.3227115
55079018500,565.3172775,272.9836821
55079014600,1366.039178,659.6409123
55079018600,1038.549806,501.500947
55079140202,2012.017157,971.5745013
55079002900,754.3333421,364.2568545
55079013300,369.0313643,178.2000032
55079120101,1368.462461,660.8110812
55079000102,1214.064723,586.254607
55079160203,2100.986257,1014.536416
55079187300,2178.531309,1051.98182
55079186800,558.7397954,269.8075095
55079186900,766.1035733,369.9405319
55079187000,1138.250587,549.6450379
55079060101,1397.888038,675.0202747
55079005600,760.9108242,367.4330272
55079005900,1251.106332,604.1414741
55079050101,2073.637778,1001.330224
55079013000,623.1298834,300.9005682
55079005700,820.8005297,396.3529151
55079003100,1236.566635,597.1204609
55079003600,655.3249273,316.4470976
55079130100,1685.566334,813.936037
55079140201,1812.269411,875.1191525
55079180100,1048.58912,506.3487895
55079170100,930.8868091,449.5120155
55079101800,917.0394783,442.8253362
55079060102,1086.323097,524.5699906
55079000101,1669.295721,806.0791888
55079187400,810.4150316,391.3379056
55079980000,0,0
55079016400,1712.914813,827.1422286
55079016900,1429.736899,690.399637
55079016300,1773.843068,856.5636175
55079003500,1180.484946,570.0394098
55079003300,1793.921698,866.2593024
55079000600,2177.492759,1051.480319
55079005800,1187.408611,573.3827494
55079001900,1217.872739,588.0934438
55079001300,1292.302141,624.034345
55079002500,759.8722744,366.9315262
55079001000,1264.953663,610.8281534
55079180400,946.8112394,457.2016967
55079018300,811.4535814,391.8394066
55079021500,977.6215503,472.0795581
55079002400,776.8352546,375.1227084
55079021800,769.5654059,371.6122017
55079140100,1038.203622,501.33378
55079120201,1248.336866,602.8041383
55079019000,1573.402955,759.7739347
55079006900,894.8837491,432.1266493
55079035100,781.3356371,377.2958791
55079035200,1535.322796,741.3855666
55079130200,976.9291838,471.7452241
55079001500,1098.439511,530.4208349
55079019300,885.1906176,427.4459738
55079001800,1091.515846,527.0774953
55079000900,1278.800994,617.5148327
55079000303,648.401262,313.1037579
55079000302,1048.242937,506.1816225
55079002000,855.0726733,412.9024464
55079001100,969.3131519,468.0675505
55079004300,1851.734303,894.1761885
55079019700,1850.003387,893.3403536
55079185100,1457.431561,703.7729956
55079020500,1011.201327,488.2947554
55079002800,779.6047207,376.4600442
55079001700,1543.285011,745.2304072
55079001400,898.3455818,433.7983192
55079000502,1688.681984,815.4405398
55079020200,1046.858204,505.5129546
55079180200,1570.287306,758.2694319
55079008100,460.7699304,222.4992535
55079100100,1278.454811,617.3476658
55079080100,927.7711597,448.0075126
55079101000,1772.804518,856.0621165
55079101300,1087.70783,525.2386585
55079017300,1348.037648,650.9482292
55079014700,1139.289137,550.1465389
55079004000,921.5398608,444.998507
55079005100,1177.369296,568.5349069
55079091100,1471.278891,710.4596749
55079000301,513.3897872,247.9086348
55079000304,1170.791814,565.3587342
55079005000,1629.484645,786.8549858
55079001600,1035.087973,499.8292772
55079021300,564.624911,272.6493482
55079018900,566.009644,273.3180161
55079021000,757.7951748,365.9285243
55079011100,512.6974207,247.5743008
55079000400,844.3409919,407.7202699
55079020600,1220.296022,589.2636127
55079018700,1341.806349,647.9392235
55079017900,1039.588355,502.0024479
55079019600,1251.798699,604.4758081
55079019200,1102.939894,532.5940057
55079018800,715.2146328,345.3669855
55079185200,1782.49765,860.742792
55079120202,1098.439511,530.4208349
55079080200,1165.945248,563.0183965
55079000501,1194.332276,576.726089
55079070200,1790.459865,864.5876326
55079006500,909.7696297,439.3148296
55079070100,1513.859433,731.0212137
55079006800,973.8135344,470.2407213
55079160202,2530.599693,1221.990641
55079014300,795.1829678,383.9825584
55079019800,1700.798398,821.2913842
55079019400,1291.955958,623.8671781
55079020300,1306.149472,630.7210243
55079170700,941.2723071,454.527025
55079016700,1161.444866,560.8452257
55079017600,1106.055543,534.0985085
55079016800,1194.332276,576.726089
55079017500,1448.776979,699.5938211
55079004100,887.9600838,428.7833097
55079007800,1192.947543,576.0574211
55079010700,764.3726569,369.104697
55079014100,536.9302495,259.2759896
55079021100,472.1939783,228.0157639
55079006000,920.1551278,444.329839
55079013400,808.337932,390.3349037
55079012300,388.4176273,187.5613542
55079100900,1267.723129,612.1654893
55079009200,658.0943935,317.7844334
55079009600,802.1066332,387.3258981
55079020100,1221.680755,589.9322806
55079015900,1322.073903,638.4107055
55079019100,1240.720834,599.1264647
55079015800,1058.628435,511.196632
55079100400,969.6593352,468.2347175
55079012200,885.1906176,427.4459738
55079101200,1121.63379,541.6210228
55079004500,857.8421394,414.2397822
55079120300,687.8661546,332.1607939
55079008400,455.2309981,219.8245818
55079016200,1165.252882,562.6840625
55079011200,768.1806729,370.9435338
55079018200,556.6626958,268.8045076
55079100300,1061.744085,512.7011348
55079100700,981.083383,473.7512279
55079101400,1267.030763,611.8311553
55079100600,728.0234137,351.5521638
55079020700,1492.396071,720.6568608
55079150301,2044.558384,987.2881977
55079018100,566.7020106,273.6523501
55079006200,1011.893694,488.6290894
55079101100,627.2840826,302.906572
55079007600,1133.750204,547.4718671
55079011400,393.6103763,190.0688589
55079011000,1186.716245,573.0484154
55079018400,486.041309,234.7024432
55079180300,1166.983798,563.5198974
55079160300,3317.128079,1601.794025
55079007100,661.9024094,319.6232702
55079007200,966.1975025,466.5630477
55079019500,1159.71395,560.0093908
55079101600,1586.211736,765.959113
55079170600,1171.484181,565.6930682
55079000202,2112.064121,1019.885759
55079010600,412.6504561,199.2630429
55079008000,675.4035569,326.1427825
55079007900,769.9115892,371.7793687
55079016100,1237.259002,597.4547949
55079007000,1045.473471,504.8442866
55079021200,725.9463141,350.5491619
55079008700,488.1184086,235.7054451
55079008600,519.2749028,250.7504735
55079006700,516.5054366,249.4131376
55079091300,1293.686875,624.703013
55079012700,411.6119063,198.761542
55079003900,910.4619962,439.6491635
55079004700,1392.002923,672.178436
55079100200,1289.186492,622.5298422
55079030100,1488.588055,718.818024
55079008800,734.2547126,354.5611695
55079006400,868.920004,419.5891257
55079009900,504.7352055,243.7294602
55079009700,671.2493577,324.1367787
55079009000,880.6902351,425.2728031
55079020400,1113.325392,537.6090152
55079009100,839.4944262,405.3799322
55079009500,734.2547126,354.5611695
55079009300,877.5745857,423.7683002
55079012400,897.307032,433.2968182
55079013700,546.2771977,263.7894981
55079070300,1572.018222,759.1052668
55079007500,936.7719246,452.3538542
55079008500,453.1538985,218.8215799
55079014400,904.2306974,436.6401579
55079015700,1118.518141,540.1165199
55079170300,921.5398608,444.998507
55079060200,1974.975547,953.6876342
55079004400,1153.828834,557.1675521
55079091200,1626.715179,785.51765
55079009400,838.8020596,405.0455982
55079090100,1577.903338,761.9471055
55079090200,623.1298834,300.9005682
55079090800,818.0310635,395.0155792
55079170200,1339.383066,646.7690546
55079091000,1536.361346,741.8870676
55079090300,1141.366236,551.1495407
55079012600,750.8715094,362.5851847
55079002300,1525.283481,736.5377242
55079002200,619.6680507,299.2288984
55079007400,1426.967433,689.0623012
55079007300,857.4959561,414.0726152
55079110100,1490.318971,719.6538589
55079017200,868.5738207,419.4219587
55079012900,1018.471176,491.805262
55079016600,800.7219001,386.6572301
55079016500,932.9639087,450.5150174
55079005300,664.6718756,320.9606061
55079090900,1328.305201,641.4197112
55079002700,690.6356207,333.4981298
55079002600,979.3524667,472.915393
55079017100,1016.74026,490.9694271
55079017000,2115.872137,1021.724596
55079090600,1606.982733,775.989132
55079100800,1029.895224,497.3217724
55079010800,854.72649,412.7352794
55079990000,0,0
55079170500,855.4188565,413.0696133
55079091400,759.8722744,366.9315262
55079006100,803.145183,387.827399
55079012500,697.2131028,336.6743024
55079021400,1138.250587,549.6450379
55079021600,1511.089967,729.6838779
55079009800,496.0806238,239.5502857
55079002100,856.4574063,413.5711143
55079001200,1033.357057,498.9934423
55079000201,1886.698813,911.0600537
55079003000,1309.265122,632.2255272
55079000700,1239.336101,598.4577967
55079000800,1775.573984,857.3994524
55079050102,2080.215261,1004.506397
55079150100,3105.956285,1499.822165
55079186500,577.0875086,278.6673595
55079186600,744.9863939,359.743346
55079185300,1190.178077,574.7200853
55079186400,568.7791102,274.655352
55079186300,1131.326922,546.3016983
55079101700,1166.291432,563.1855635
55079101500,1530.130047,738.8780619
55079006600,1056.897519,510.3607971
55079013500,661.5562262,319.4561032
55079090700,1093.592945,528.0804972
55079014900,513.3897872,247.9086348
55079021700,2126.257635,1026.739605
55079004600,1033.010873,498.8262753
55079012800,1024.010108,494.4799337
55079003400,1915.432025,924.9349132
55079120203,1221.680755,589.9322806
55079004200,1054.820419,509.3577952
55079080300,1344.575815,649.2765594
55079020800,1041.665455,503.0054498
55079020900,883.8058846,426.7773059
55003950800,1128.946091,590.1452002
55003940000,622.4874048,325.3990221
55003950600,463.781457,242.4370861
55003950500,733.848301,383.6118091
55003950700,735.5153803,384.483258
55003950400,803.5322151,420.0383735
55003950300,898.8891502,469.885251
55003990000,0,0
55053960100,1032.771236,760.3941513
55053960200,853.0011737,628.0356008
55053960500,1249.583256,920.0254291
55053960300,1056.084356,777.5588048
55053960400,1105.559978,813.986014
55105001304,2478.580387,1537.427746
55105001201,1698.888412,1053.796034
55105000100,275.0230835,170.592861
55105001303,1411.294597,875.4057294
55105001202,1765.42131,1095.065433
55105000600,1010.257592,626.6482464
55105000300,829.3616955,514.4411249
55105003100,2324.35897,1441.766421
55105001400,1781.364677,1104.954875
55105001302,2043.203822,1267.369928
55105001100,1679.879013,1042.004778
55105001000,1005.351941,623.6053415
55105000900,855.4229687,530.6065577
55105000800,1182.261996,733.3401027
55105000700,1214.14873,753.1189851
55105000500,1314.407981,815.3083558
55105000400,1145.46961,710.5183152
55105000200,878.1116066,544.6799933
55105003002,1531.78966,950.1470832
55105003001,1544.360392,957.9445273
55105002900,2470.608703,1532.483026
55105002800,1594.643319,989.1343034
55105003300,1103.771573,684.6536228
55105003200,816.4843605,506.4534993
55105002602,1200.964792,744.9411779
55105002601,1677.73279,1040.673507
55105002500,795.6353419,493.5211531
55105002400,1082.309348,671.3409135
55105002300,573.6546145,355.8297023
55105002200,707.3336161,438.7488633
55105002100,1175.516725,729.1561083
55105002000,1179.80917,731.8186502
55105001900,838.2531887,519.9563902
55105001800,1271.483531,788.6829372
55105001700,1651.058311,1024.127711
55105001600,1548.346234,960.4168876
55105001500,713.1590772,442.362313
55105002700,788.2768647,488.9567956
55029100100,743.4103293,645.5680403
55029100400,860.0303041,746.8393378
55029100800,1768.792298,1535.996653
55029100500,1104.696995,959.3047688
55029101000,734.000072,637.396293
55029100900,622.4213065,540.5027173
55029100600,1121.501026,973.8971747
55029100300,801.2161958,695.7659169
55029100700,1581.931474,1373.729098
55029990000,0,0
55021970500,1303.009308,988.3065121
55021970200,1771.561311,1343.69384
55021971100,1093.489276,829.389756
55021971200,1569.890733,1190.730737
55021970100,1253.799272,950.9816832
55021970600,1398.41036,1060.666303
55021970400,1979.571833,1501.465663
55021970300,1210.023472,917.7786145
55021971000,1198.853096,909.3061074
55021970900,1417.43019,1075.092464
55021970800,1692.161068,1283.470343
55021970700,1269.800081,963.1179772
55045960400,1331.04826,933.0177515
55045960600,997.3745182,699.1242604
55045960500,1200.374573,841.4201183
55045960800,1319.500353,924.9230769
55045960300,1467.192009,1028.449704
55045960100,1938.528962,1358.840237
55045960700,1214.65751,851.4319527
55045960200,1727.323815,1210.792899
55099970600,621.8218801,621.3413377
55099970500,579.0510629,578.6035737
55099970400,510.2339148,509.8396073
55099970700,689.2681687,688.7355039
55099970200,751.2310191,750.6504697
55099970100,730.3939544,729.8295077
55013970700,641.049945,731.2252701
55013970400,973.5511419,1110.498803
55013970900,777.5531474,886.9301287
55013970600,492.6992948,562.0064049
55013970800,599.8414311,684.2200298
55013971000,496.3050398,566.1193634
55111001001,2036.219762,1395.590519
55111000401,1554.497644,1065.426342
55111001002,870.1200142,596.3655125
55111000402,1046.197754,717.0462114
55111000800,1169.72399,801.7090003
55111000700,823.0048729,564.073593
55111000300,2049.206628,1404.491497
55111000600,1986.68846,1361.642604
55111000500,1008.143217,690.9642765
55111001100,1248.551246,855.7358655
55111000100,1998.165225,1369.508584
55111000200,1480.200691,1014.504469
55111000900,1447.280496,991.9415258
55135100900,1346.712364,1628.980481
55135100400,973.7902118,1177.894619
55135100300,848.8943904,1026.820893
55135101000,1377.384659,1666.081626
55135100600,1135.978248,1374.076932
55135100500,666.4052662,806.082427
55135101100,1100.672009,1331.370578
55135100800,1039.548082,1257.435203
55135100700,741.2103606,896.566514
55135101200,862.5755581,1043.369605
55135100200,620.7278191,750.8310819
55135100100,851.1010303,1029.49004
55117010502,853.8198378,1032.256019
55117011400,595.0716753,719.4331772
55117010601,1373.280096,1660.27607
55117010501,1942.820643,2348.842477
55117000201,714.8715835,864.2695594
55117010602,931.1496966,1125.746717
55117000202,1018.544712,1231.406045
55117001000,1820.320327,2200.74134
55117000500,956.9263162,1156.910282
55117000400,1083.109006,1309.463357
55117000300,1745.690876,2110.515397
55117011100,1023.945527,1237.935554
55117010900,787.5371016,952.1211355
55117000900,1258.39002,1521.375605
55117010200,1128.770447,1364.667388
55117010400,643.6790151,778.1987585
55117010300,761.2694988,920.3639779
55117011000,676.0839083,817.3758127
55117011200,887.452189,1072.917053
55117011300,1748.145792,2113.483356
55117010800,860.9390946,1040.863099
55117010700,2013.522228,2434.319686
55117010100,375.8476629,454.3944696
55117001100,890.3980884,1076.478603
55117000800,1324.918247,1601.807284
55117000100,939.4964115,1135.837776
55117990000,0,0
55087010200,1043.872888,1083.483472
55087010100,712.2472622,739.2740485
55087012505,797.861343,828.1368233
55087012503,942.2706358,978.0258411
55087012504,781.6152975,811.2743088
55087012901,1540.79558,1599.262288
55087012601,2148.861852,2230.402117
55087012902,883.21755,916.7319392
55087012602,1213.811681,1259.870726
55087012506,1051.6091,1091.51324
55087013100,1499.277908,1556.169196
55087940000,1206.333343,1252.108617
55087011900,2050.611958,2128.424053
55087011800,472.4246866,490.3512154
55087011700,671.7610855,697.2515917
55087012400,684.3968986,710.3668808
55087012300,424.7180452,440.8343077
55087012200,503.3695351,522.4702906
55087012700,1619.962817,1681.433589
55087012100,1983.049039,2058.297405
55087012000,1687.267863,1751.292578
55087012800,1908.007782,1980.408648
55087013200,1018.343388,1056.985234
55087011600,1689.588726,1753.701508
55087011502,1159.400323,1203.394686
55087011501,864.6506409,897.4604941
55087011400,1368.27805,1420.198444
55087011300,775.6842016,805.1181527
55087011200,750.9283228,779.4228926
55087011102,1883.76765,1955.248705
55087011101,1281.890348,1330.532692
55087011000,1460.854721,1516.28801
55087010900,550.3025553,571.1842214
55087010800,401.5094089,416.7450013
55087010700,1118.914146,1161.372229
55087010602,1024.016611,1062.873732
55087010601,935.8237924,971.3343671
55087010500,1147.796004,1191.350033
55087013300,1689.330853,1753.433849
55087010300,616.5761057,639.9725742
55097960701,1695.968523,1276.590854
55097960702,1058.208772,796.5357974
55097961000,867.0383182,652.6378126
55097960900,1077.105357,810.759651
55097961100,1990.755252,1498.482969
55097960800,1672.977677,1259.285165
55097960400,2271.369543,1709.707194
55097960500,2200.507348,1656.367743
55097960300,1233.947014,928.8176352
55097960200,1429.841614,1076.271583
55097961200,1900.996472,1430.919665
55097960600,1653.136263,1244.350119
55097961300,1584.47867,1192.670118
55097960100,1415.669176,1065.603693
55041950400,684.3540413,613.9681857
55041950200,730.1511178,655.0550301
55041950300,678.6294067,608.8323302
55041950100,327.8654342,294.144454
55071990000,0,0
55071005300,518.2967265,548.7862651
55071005200,1138.951426,1205.951855
55071010500,909.9598733,963.4895508
55071000600,1343.667371,1422.710506
55071000500,713.2523759,755.2104565
55071000300,1405.232313,1487.897092
55071000200,601.6346357,637.0266447
55071010700,967.2703274,1024.171373
55071010200,1474.305174,1561.033263
55071010600,1277.097149,1352.224196
55071010400,1547.131996,1638.144225
55071010300,1124.436114,1190.58266
55071010100,1127.93981,1194.292466
55071005400,779.8225977,825.6967658
55071005100,608.1414995,643.916284
55071000800,1012.56811,1072.133862
55071000700,1476.807814,1563.683124
55071000400,1045.102429,1106.582058
55071000100,1310.38226,1387.467351
55073000700,1297.897705,1468.033507
55073000500,716.2311749,810.1188247
55073000300,1251.113581,1415.116654
55073000200,707.0672743,799.7536681
55073000100,756.7452616,855.9437279
55073001104,1429.086176,1616.418908
55073001103,1225.792277,1386.47609
55073000900,540.1878221,610.9987096
55073000800,835.1207268,944.5930943
55073001102,1928.277601,2181.047179
55073001400,1600.065268,1809.81091
55073001300,1642.508597,1857.817951
55073001000,874.4290371,989.0541611
55073000602,984.636999,1113.708809
55073000601,498.2268038,563.5372027
55073001202,1283.187233,1451.394702
55073000400,1483.104958,1677.518778
55073001201,1952.393129,2208.323907
55073002000,925.7951113,1047.153592
55073001900,1430.774263,1618.328279
55073001500,996.9359182,1127.61994
55073002100,1733.906447,1961.196751
55073001600,1460.677517,1652.151421
55073001700,891.3099065,1008.147871
55073001800,1314.055108,1486.308914
55073002300,1728.842186,1955.468638
55073002200,841.6319193,951.9578109
55009021600,1492.559714,1547.664389
55009001701,888.1347059,920.9242642
55009020503,1939.647933,2011.258916
55009020703,1752.857698,1817.572464
55009020203,1602.821336,1661.996823
55009020504,1104.630127,1145.412605
55009020704,1940.906628,2012.564081
55009020204,1253.407795,1299.683082
55009001702,888.3864447,921.1852972
55009021400,1771.738112,1837.149935
55009021500,784.9217724,813.9007528
55009020502,1335.726403,1385.040858
55009002003,825.1999903,855.6660256
55009002001,2069.796925,2146.212954
55009020100,1421.065877,1473.531029
55009001802,1371.72506,1422.36857
55009001801,1251.393884,1297.594818
55009940003,830.2347676,860.8866847
55009001400,957.6146318,992.9693597
55009001300,760.7548416,788.8415891
55009001200,584.7893769,606.3795538
55009001100,523.8685723,543.2095788
55009001000,387.1743701,401.4686844
55009000900,1014.255876,1051.701775
55009000800,461.9408122,478.9954719
55009000700,1244.848674,1290.807961
55009000600,1031.374118,1069.452015
55009000500,743.3848601,770.8303153
55009000402,589.8241542,611.6002129
55009000401,1166.05441,1209.104646
55009000303,707.6379417,733.7636357
55009000200,1501.118835,1556.539509
55009000100,677.1775393,702.1786482
55009020702,1481.231465,1535.917906
55009010300,1734.984238,1799.039124
55009010202,1259.197789,1305.686839
55009020600,1301.993395,1350.062442
55009002002,1298.217312,1346.146947
55009001600,1637.561299,1698.01937
55009021303,995.6272,1032.385336
55009021304,532.9311713,552.6067651
55009021302,1556.501385,1613.966759
55009021301,831.9969396,862.7139153
55009940001,3671.611305,3807.165645
55009010201,1153.215728,1195.791966
55009940002,1190.473079,1234.424843
55009000302,1146.16704,1188.483043
55009940004,671.8910232,696.6969561
55009021200,1296.706879,1344.58075
55009021100,274.8988375,285.0479865
55009021000,687.4988327,712.8809993
55009020900,697.5683872,723.3223175
55009020800,561.3776627,582.103489
55009010100,1574.374844,1632.500099
55077960500,975.6790444,891.683329
55077960400,694.5873799,634.7907037
55077960200,665.4905219,608.1987795
55077960100,753.5819268,688.7064399
55077960300,1022.661127,934.6207479
55127000902,755.3327855,971.746097
55127001502,1184.52917,1523.913194
55127000702,1015.845522,1306.899343
55127000501,829.3245686,1066.937551
55127000302,1370.82991,1763.591677
55127001501,677.1569433,871.1717925
55127001603,591.7140509,761.2483273
55127000701,907.5004108,1167.511856
55127001701,1279.661463,1646.302207
55127001604,1113.400164,1432.404742
55127001702,1180.785538,1519.09696
55127000502,809.2851274,1041.156532
55127000301,691.4708299,889.586806
55127000901,1316.216927,1693.331318
55127000101,1321.942482,1700.697324
55127000102,528.072309,679.3723442
55127000400,848.9235826,1092.151954
55127000800,1007.25719,1295.850335
55127000600,1242.225144,1598.139864
55127000200,1443.720624,1857.366592
55127001602,1242.665571,1598.70648
55127001000,1154.139688,1484.816704
55069961000,946.8442403,934.417145
55069960900,760.51957,750.5379397
55069960800,902.4937202,890.6487145
55069960600,1166.759837,1151.446404
55069960400,506.2257593,499.5816721
55069960300,465.8116759,459.6980134
55069960200,688.3515639,679.3171207
55069960100,599.9129527,592.0392443
55069960700,1025.310545,1011.853599
55069960500,480.7701353,474.4601468
55027962000,512.5577688,688.7879539
55027961300,1128.809755,1516.922791
55027961200,705.7964826,948.4669724
55027961400,848.9832017,1140.884868
55027960500,820.4725718,1102.57157
55027961900,1221.522099,1641.511959
55027961700,645.8185649,867.8671459
55027961100,960.9138228,1291.300037
55027960300,1690.152379,2271.269054
55027960100,1268.828626,1705.083653
55027961800,931.7696234,1252.135333
55027960200,669.6830181,899.9367951
55027961000,944.6522043,1269.447267
55027960900,880.0281098,1182.603792
55027960800,746.9785036,1003.808403
55027960700,972.7404545,1307.192961
55027960600,842.2251265,1131.803197
55027960400,918.8870424,1234.823398
55027961600,931.7696234,1252.135333
55027961500,1102.411023,1481.447515
55089610101,956.2338677,1804.236599
55089610102,808.0849586,1524.706985
55089660201,872.9967012,1647.183448
55089660202,1253.635627,2365.37876
55089660100,714.2499566,1347.657677
55089650102,609.5963308,1150.195625
55089630202,1148.540425,2167.083535
55089630100,586.1927774,1106.037444
55089640200,1719.94039,3245.209676
55089630201,1047.198623,1975.870282
55089660303,1064.640894,2008.780624
55089640100,1258.492968,2374.543666
55089620100,1342.171711,2532.42999
55089650300,1185.853637,2237.486672
55089650200,1112.331153,2098.763331
55089650101,1438.656172,2714.478338
55089660304,697.9116268,1316.830268
55089660301,1258.27218,2374.127079
55089990000,0,0
55109120903,2028.516996,2600.204814
55109120501,1282.991641,1644.571403
55109120901,971.0208548,1244.679293
55109120201,1381.012674,1770.217262
55109120502,1225.498536,1570.875274
55109120904,950.9925188,1219.006462
55109120202,1216.073436,1558.793942
55109120100,479.0306716,614.0337305
55109120400,2477.151722,3175.276246
55109120300,1365.225633,1749.98103
55109121000,1671.070105,2142.020274
55109120800,1965.36883,2519.259885
55109120700,1076.581967,1379.990219
55109120600,1783.464414,2286.090165
55005001002,1321.998605,1386.379682
55005001001,444.6204927,466.2734249
55005000600,1466.725659,1538.154916
55005000200,933.1336167,978.5770438
55005000500,1006.446174,1055.459908
55005000300,1000.040222,1048.741988
55005000900,1215.470002,1274.663157
55005000100,908.4588402,952.7006104
55005000800,1289.494332,1352.292457
55005000400,1296.612056,1359.756813
55115100500,1049.894157,1286.616677
55115100300,786.9384252,964.3715941
55115100200,384.8968986,471.6806598
55115100100,599.4190565,734.571718
55115100900,818.655987,1003.240602
55115100400,996.3171947,1220.95957
55115100600,908.665284,1113.544542
55115101100,855.5169372,1048.412692
55115101000,814.5841379,998.2506615
55115100800,1041.536151,1276.374169
55115100700,733.5757706,898.9771151
55065970400,860.695177,628.9111428
55065970300,924.5201948,675.5481706
55065970200,1048.938584,766.4608577
55065970500,882.5087907,644.8503801
55065970100,817.3372535,597.2294488
55043960700,1080.18376,816.0663373
55043961200,1149.10346,868.1343735
55043960800,805.0351117,608.1947157
55043961100,1182.768083,893.5676066
55043960100,969.117013,732.1566943
55043960300,1091.051867,824.2770661
55043960200,1159.971567,876.3451023
55043960600,1003.046711,757.790189
55043960500,1024.252773,773.8111233
55043960400,930.1508749,702.7182276
55043961000,2054.072137,1551.827742
55043960900,1125.246641,850.1108225